{
  "vector": [
    -0.0031280517578125,
    0.004180908203125,
    -0.050048828125,
    0.10009765625,
    0.18359375,
    -0.6015625,
    -0.0135498046875,
    0.2041015625,
    0.0032501220703125,
    0.08056640625,
    0.060302734375,
    0.5546875,
    0.02392578125,
    0.018798828125,
    -0.0791015625,
    -0.059814453125,
    0.028076171875,
    0.05419921875,
    -0.00286865234375,
    -0.00836181640625,
    -0.006256103515625,
    -0.08740234375,
    -0.006134033203125,
    -0.0286865234375,
    0.018798828125,
    0.0,
    -0.057373046875,
    0.027099609375,
    0.1328125,
    -0.06982421875,
    0.0,
    0.11669921875,
    0.142578125,
    -0.051025390625,
    -0.11669921875,
    0.09814453125,
    0.042724609375,
    -0.0322265625,
    0.043701171875,
    -0.05517578125,
    0.1337890625,
    -0.095703125,
    0.1416015625,
    -0.01251220703125,
    0.099609375,
    -0.027099609375,
    0.07080078125,
    0.107421875,
    -0.01043701171875,
    0.043701171875,
    0.06640625,
    0.0250244140625,
    -0.08837890625,
    -0.0908203125,
    0.018798828125,
    0.0,
    -0.058349609375,
    -0.027587890625,
    0.0625,
    -0.015625,
    -0.0020904541015625,
    0.0291748046875,
    0.08349609375,
    0.0250244140625
  ],
  "metadata": {
    "location_type": "q_head",
    "layer_idx": 20,
    "head_idx": 6,
    "vector_shape": [
      64
    ],
    "vector_norm": 7.5,
    "n_problems": 633
  }
}