{
  "vector": [
    0.12890625,
    -0.1435546875,
    0.01507568359375,
    -0.1142578125,
    -0.1328125,
    -0.02392578125,
    -0.109375,
    -0.16796875,
    0.0179443359375,
    -0.0966796875,
    -0.3125,
    0.040283203125,
    0.031494140625,
    -0.06982421875,
    0.294921875,
    0.017578125,
    0.1533203125,
    -0.0301513671875,
    0.0137939453125,
    -0.08056640625,
    0.158203125,
    0.0201416015625,
    -0.057861328125,
    -0.0081787109375,
    -0.005035400390625,
    0.1103515625,
    -0.025146484375,
    -0.08984375,
    -0.08056640625,
    -0.00628662109375,
    0.1787109375,
    0.203125,
    0.03369140625,
    -0.052734375,
    0.095703125,
    -0.3515625,
    0.11572265625,
    0.05029296875,
    0.1328125,
    -0.0125732421875,
    -0.0673828125,
    0.140625,
    0.0263671875,
    -0.12060546875,
    -0.095703125,
    -0.005035400390625,
    -0.045166015625,
    0.040283203125,
    0.0201416015625,
    -0.052734375,
    -0.05908203125,
    -0.2060546875,
    -0.1328125,
    -0.1787109375,
    0.08935546875,
    -0.140625,
    0.0830078125,
    0.018798828125,
    -0.28125,
    0.1884765625,
    -0.2060546875,
    0.10302734375,
    -0.0341796875,
    0.06298828125
  ],
  "metadata": {
    "location_type": "o_proj_head",
    "layer_idx": 20,
    "head_idx": 6,
    "vector_shape": [
      64
    ],
    "vector_norm": 0.388671875,
    "n_problems": 633
  }
}