{
  "vector": [
    0.158203125,
    0.263671875,
    0.115234375,
    -0.00823974609375,
    0.06591796875,
    0.045166015625,
    0.1171875,
    -0.1806640625,
    0.0123291015625,
    0.037109375,
    -0.0164794921875,
    0.1806640625,
    -0.06591796875,
    0.39453125,
    0.051513671875,
    -0.061767578125,
    -0.1650390625,
    -0.1396484375,
    0.0986328125,
    0.115234375,
    0.09033203125,
    -0.06591796875,
    0.054443359375,
    -0.032958984375,
    0.0478515625,
    0.0576171875,
    -0.1318359375,
    -0.111328125,
    -0.115234375,
    0.0,
    -0.1396484375,
    0.0,
    0.08251953125,
    0.04931640625,
    -0.1396484375,
    0.0,
    0.06591796875,
    0.032958984375,
    -0.1787109375,
    -0.2470703125,
    0.04931640625,
    -0.0164794921875,
    0.024658203125,
    0.04931640625,
    -0.255859375,
    -0.279296875,
    0.0986328125,
    0.1318359375,
    -0.06591796875,
    0.024658203125,
    -0.1318359375,
    0.0,
    0.1728515625,
    0.032958984375,
    0.1484375,
    0.04931640625,
    -0.0986328125,
    0.1650390625,
    -0.07421875,
    -0.07421875,
    0.0986328125,
    0.1806640625,
    0.0,
    -0.0986328125
  ],
  "metadata": {
    "location_type": "o_proj_head",
    "layer_idx": 0,
    "head_idx": 15,
    "vector_shape": [
      64
    ],
    "vector_norm": 0.007415771484375,
    "n_problems": 633
  }
}