{
  "vector": [
    -0.059814453125,
    0.04638671875,
    -0.07177734375,
    -0.011962890625,
    -0.095703125,
    -0.0478515625,
    0.1435546875,
    -0.059814453125,
    0.0,
    0.2392578125,
    0.07177734375,
    0.1435546875,
    -0.1435546875,
    -0.287109375,
    0.287109375,
    -0.011962890625,
    0.0859375,
    -0.1552734375,
    -0.11962890625,
    0.0,
    0.19140625,
    -0.0478515625,
    0.1552734375,
    -0.10791015625,
    -0.01422119140625,
    0.19140625,
    0.07177734375,
    0.1435546875,
    0.19140625,
    0.2392578125,
    0.0478515625,
    -0.07177734375,
    0.095703125,
    -0.1435546875,
    0.19140625,
    -0.0478515625,
    0.16796875,
    -0.095703125,
    0.095703125,
    0.00897216796875,
    0.19140625,
    -0.095703125,
    0.0269775390625,
    0.07177734375,
    0.07177734375,
    0.0299072265625,
    0.064453125,
    0.07177734375,
    -0.1435546875,
    -0.07177734375,
    -0.10791015625,
    -0.07177734375,
    0.02099609375,
    0.011962890625,
    -0.06591796875,
    0.02392578125,
    -0.02392578125,
    -0.095703125,
    -0.095703125,
    0.11962890625,
    0.19140625,
    0.19140625,
    -0.095703125,
    0.2392578125
  ],
  "metadata": {
    "location_type": "o_proj_head",
    "layer_idx": 0,
    "head_idx": 3,
    "vector_shape": [
      64
    ],
    "vector_norm": 0.01019287109375,
    "n_problems": 633
  }
}