{
  "vector": [
    -0.138671875,
    -0.01153564453125,
    0.044677734375,
    0.0,
    0.0712890625,
    -0.6171875,
    -0.0595703125,
    0.042236328125,
    -0.03857421875,
    0.1728515625,
    0.053955078125,
    0.042236328125,
    -0.046142578125,
    0.2080078125,
    0.0615234375,
    0.052001953125,
    -0.08447265625,
    -0.06005859375,
    -0.146484375,
    0.1083984375,
    0.0771484375,
    0.044189453125,
    0.015380859375,
    0.0732421875,
    0.0615234375,
    0.00384521484375,
    0.1767578125,
    0.09228515625,
    -0.08447265625,
    0.060546875,
    0.0576171875,
    0.1513671875,
    -0.000240325927734375,
    0.08447265625,
    0.03857421875,
    0.015380859375,
    0.1171875,
    0.03662109375,
    -0.1513671875,
    0.09423828125,
    -0.09619140625,
    -0.09619140625,
    0.0693359375,
    -0.0693359375,
    0.126953125,
    -0.0076904296875,
    0.10791015625,
    -0.10498046875,
    -0.0625,
    0.01153564453125,
    -0.25390625,
    -0.0615234375,
    0.046142578125,
    -0.244140625,
    0.130859375,
    -0.13671875,
    -0.03076171875,
    0.08837890625,
    -0.126953125,
    -0.140625,
    0.0615234375,
    -0.03076171875,
    -0.03857421875,
    0.123046875
  ],
  "metadata": {
    "location_type": "o_proj_head",
    "layer_idx": 0,
    "head_idx": 10,
    "vector_shape": [
      64
    ],
    "vector_norm": 0.015869140625,
    "n_problems": 633
  }
}