{
  "vector": [
    0.087890625,
    -0.130859375,
    0.04052734375,
    -0.0277099609375,
    -0.042724609375,
    -0.052490234375,
    0.07177734375,
    0.00604248046875,
    -0.0284423828125,
    -0.00567626953125,
    -0.042236328125,
    -0.0113525390625,
    0.08544921875,
    0.0439453125,
    0.062255859375,
    0.051025390625,
    -0.1064453125,
    0.07373046875,
    -0.1279296875,
    0.08642578125,
    0.056884765625,
    0.036865234375,
    -0.034912109375,
    0.109375,
    -0.007110595703125,
    -0.083984375,
    -0.042724609375,
    -0.10205078125,
    -0.0341796875,
    0.068359375,
    0.01422119140625,
    -0.07177734375,
    0.0113525390625,
    0.02978515625,
    0.11376953125,
    0.0206298828125,
    -0.0625,
    -0.09423828125,
    0.039794921875,
    -0.546875,
    -0.0198974609375,
    -0.0255126953125,
    0.050048828125,
    0.04541015625,
    0.0,
    0.0014190673828125,
    0.0810546875,
    0.0341796875,
    0.06884765625,
    0.58984375,
    0.022705078125,
    -0.08544921875,
    -0.0595703125,
    0.068359375,
    -0.0595703125,
    0.01348876953125,
    0.0625,
    -0.05615234375,
    0.0213623046875,
    -0.039794921875,
    -0.068359375,
    0.01708984375,
    0.36328125,
    -0.0284423828125
  ],
  "metadata": {
    "location_type": "o_proj_head",
    "layer_idx": 0,
    "head_idx": 11,
    "vector_shape": [
      64
    ],
    "vector_norm": 0.021484375,
    "n_problems": 633
  }
}