{
  "vector": [
    -0.04736328125,
    -0.0947265625,
    0.1416015625,
    -0.0118408203125,
    -0.1181640625,
    0.0947265625,
    0.05908203125,
    0.07080078125,
    0.0,
    0.04736328125,
    0.1416015625,
    0.1416015625,
    0.04736328125,
    -0.189453125,
    -0.032470703125,
    0.023681640625,
    0.0947265625,
    -0.07080078125,
    -0.236328125,
    -0.236328125,
    0.036865234375,
    -0.1298828125,
    -0.0947265625,
    0.0947265625,
    -0.07080078125,
    0.04736328125,
    -0.0177001953125,
    -0.07080078125,
    -0.283203125,
    0.07080078125,
    0.283203125,
    0.0947265625,
    0.189453125,
    0.0947265625,
    -0.1416015625,
    0.1416015625,
    -0.023681640625,
    0.035400390625,
    0.05908203125,
    -0.37890625,
    -0.1416015625,
    -0.0947265625,
    -0.035400390625,
    -0.166015625,
    -0.1298828125,
    -0.07080078125,
    0.07080078125,
    -0.026611328125,
    0.023681640625,
    0.1181640625,
    0.023681640625,
    0.189453125,
    -0.189453125,
    -0.04736328125,
    0.236328125,
    0.07080078125,
    0.0103759765625,
    -0.0947265625,
    -0.1416015625,
    -0.04150390625,
    0.0118408203125,
    -0.029541015625,
    0.07080078125,
    0.0118408203125
  ],
  "metadata": {
    "location_type": "o_proj_head",
    "layer_idx": 0,
    "head_idx": 2,
    "vector_shape": [
      64
    ],
    "vector_norm": 0.01031494140625,
    "n_problems": 633
  }
}