{
  "vector": [
    -0.234375,
    -0.053955078125,
    -0.185546875,
    0.099609375,
    -0.11669921875,
    -0.095703125,
    0.037841796875,
    0.03125,
    -0.0634765625,
    -0.00567626953125,
    0.189453125,
    0.2099609375,
    0.0419921875,
    -0.0264892578125,
    -0.01708984375,
    -0.1162109375,
    -0.07763671875,
    -0.09326171875,
    0.1982421875,
    0.004730224609375,
    0.025146484375,
    0.2421875,
    -0.1630859375,
    -0.06640625,
    0.1513671875,
    0.041748046875,
    0.04638671875,
    0.2158203125,
    0.0927734375,
    0.056884765625,
    -0.0908203125,
    -0.056884765625,
    0.2314453125,
    -0.09033203125,
    -0.140625,
    -0.00946044921875,
    0.1767578125,
    0.181640625,
    0.0,
    -0.0927734375,
    -0.0284423828125,
    -0.037841796875,
    -0.08447265625,
    0.07763671875,
    0.0634765625,
    0.10302734375,
    0.07373046875,
    -0.189453125,
    -0.36328125,
    -0.0595703125,
    -0.01324462890625,
    -0.0113525390625,
    0.1669921875,
    -0.0113525390625,
    -0.0284423828125,
    0.0615234375,
    -0.10791015625,
    -0.002838134765625,
    -0.0732421875,
    -0.27734375,
    0.052978515625,
    0.0255126953125,
    0.177734375,
    0.041748046875
  ],
  "metadata": {
    "location_type": "o_proj_head",
    "layer_idx": 20,
    "head_idx": 2,
    "vector_shape": [
      64
    ],
    "vector_norm": 4.125,
    "n_problems": 633
  }
}