{
  "vector": [
    -0.03173828125,
    0.1298828125,
    0.0,
    0.10205078125,
    -0.047119140625,
    0.031494140625,
    -0.00787353515625,
    -0.1259765625,
    -0.031494140625,
    -0.1728515625,
    -0.10986328125,
    -0.0157470703125,
    -0.06298828125,
    -0.271484375,
    -0.0235595703125,
    -0.031494140625,
    0.1259765625,
    0.054931640625,
    0.031494140625,
    0.0,
    0.0,
    0.11376953125,
    -0.047119140625,
    0.01373291015625,
    0.1416015625,
    -0.251953125,
    0.0157470703125,
    -0.2041015625,
    0.031494140625,
    0.251953125,
    -0.06298828125,
    -0.11376953125,
    -0.11181640625,
    -0.031494140625,
    0.041259765625,
    0.0274658203125,
    -0.06494140625,
    -0.1923828125,
    0.09423828125,
    0.1259765625,
    -0.1572265625,
    0.0,
    0.0,
    0.0,
    -0.054931640625,
    0.09423828125,
    0.07470703125,
    -0.1572265625,
    -0.08642578125,
    -0.0157470703125,
    0.50390625,
    0.054931640625,
    0.06884765625,
    0.0235595703125,
    0.0157470703125,
    -0.00787353515625,
    0.1259765625,
    -0.1884765625,
    0.005889892578125,
    -0.2021484375,
    -0.11572265625,
    -0.047119140625,
    0.2197265625,
    -0.1455078125
  ],
  "metadata": {
    "location_type": "o_proj_head",
    "layer_idx": 0,
    "head_idx": 14,
    "vector_shape": [
      64
    ],
    "vector_norm": 0.007781982421875,
    "n_problems": 633
  }
}