{
  "vector": [
    -0.00653076171875,
    -0.1767578125,
    0.07177734375,
    0.11767578125,
    0.0654296875,
    -0.228515625,
    0.0,
    -0.10888671875,
    0.026123046875,
    0.0081787109375,
    0.09130859375,
    0.189453125,
    0.0,
    0.039306640625,
    0.0654296875,
    -0.035888671875,
    -0.1611328125,
    0.00653076171875,
    -0.07861328125,
    -0.1435546875,
    0.07861328125,
    0.130859375,
    -0.11767578125,
    0.2021484375,
    -0.058837890625,
    -0.07373046875,
    -0.08837890625,
    0.11767578125,
    -0.07861328125,
    0.0654296875,
    0.09814453125,
    -0.208984375,
    -0.22265625,
    -0.045654296875,
    0.140625,
    -0.0849609375,
    -0.275390625,
    0.28515625,
    0.0,
    -0.2080078125,
    -0.11767578125,
    -0.058837890625,
    -0.08349609375,
    -0.1962890625,
    -0.05224609375,
    0.0130615234375,
    0.1376953125,
    0.039306640625,
    -0.1826171875,
    0.03271484375,
    -0.1767578125,
    0.1435546875,
    0.039306640625,
    -0.049072265625,
    0.00653076171875,
    0.07861328125,
    0.039306640625,
    -0.03271484375,
    0.150390625,
    -0.3203125,
    -0.00982666015625,
    -0.03271484375,
    0.0,
    -0.0927734375
  ],
  "metadata": {
    "location_type": "o_proj_head",
    "layer_idx": 0,
    "head_idx": 0,
    "vector_shape": [
      64
    ],
    "vector_norm": 0.00933837890625,
    "n_problems": 633
  }
}