{
  "vector": [
    0.0,
    -0.10595703125,
    0.0,
    0.039794921875,
    0.0,
    0.423828125,
    0.0,
    0.423828125,
    0.0,
    -0.01324462890625,
    0.423828125,
    -0.10595703125,
    -0.0264892578125,
    0.0,
    0.0,
    -0.10595703125,
    0.052978515625,
    -0.2119140625,
    -0.10595703125,
    0.0,
    0.2119140625,
    0.0,
    -0.0595703125,
    -0.0927734375,
    0.0,
    0.0,
    0.0,
    0.0,
    0.01324462890625,
    0.0264892578125,
    -0.0264892578125,
    0.0,
    -0.10595703125,
    0.0,
    0.0,
    0.0,
    -0.10595703125,
    0.0,
    0.0,
    0.0,
    0.0,
    0.0,
    0.0,
    0.0,
    0.0,
    0.0,
    0.0,
    -0.10595703125,
    0.039794921875,
    0.0,
    0.0,
    0.0,
    0.423828125,
    0.0,
    0.0,
    0.0264892578125,
    0.1591796875,
    0.01324462890625,
    0.10595703125,
    -0.052978515625,
    0.2119140625,
    0.052978515625,
    0.0,
    -0.052978515625
  ],
  "metadata": {
    "location_type": "o_proj_head",
    "layer_idx": 0,
    "head_idx": 4,
    "vector_shape": [
      64
    ],
    "vector_norm": 0.004608154296875,
    "n_problems": 633
  }
}