{
  "vector": [
    0.228515625,
    0.0849609375,
    -0.0130615234375,
    0.1435546875,
    0.06201171875,
    0.255859375,
    0.1328125,
    0.0654296875,
    0.12890625,
    0.0654296875,
    -0.1044921875,
    -0.119140625,
    0.228515625,
    -0.07861328125,
    0.1044921875,
    0.0849609375,
    -0.203125,
    -0.0228271484375,
    0.026123046875,
    -0.0130615234375,
    -0.0986328125,
    -0.05712890625,
    0.1044921875,
    -0.435546875,
    0.1630859375,
    -0.1064453125,
    -0.039306640625,
    -0.1435546875,
    0.111328125,
    0.05224609375,
    0.1142578125,
    -0.091796875,
    0.0849609375,
    -0.1240234375,
    -0.130859375,
    0.0654296875,
    -0.1962890625,
    -0.0556640625,
    0.05224609375,
    0.11279296875,
    -0.039306640625,
    -0.111328125,
    0.326171875,
    0.06201171875,
    0.0,
    -0.06201171875,
    -0.060546875,
    -0.028564453125,
    -0.2021484375,
    0.0228271484375,
    0.0196533203125,
    0.09130859375,
    -0.026123046875,
    0.1044921875,
    -0.0130615234375,
    -0.119140625,
    -0.0986328125,
    0.003265380859375,
    -0.0142822265625,
    -0.08837890625,
    0.05224609375,
    0.1240234375,
    0.00653076171875,
    0.0849609375
  ],
  "metadata": {
    "location_type": "o_proj_head",
    "layer_idx": 20,
    "head_idx": 1,
    "vector_shape": [
      64
    ],
    "vector_norm": 2.390625,
    "n_problems": 633
  }
}