{
  "vector": [
    -0.049560546875,
    0.1650390625,
    0.0164794921875,
    0.6484375,
    -0.11572265625,
    0.36328125,
    -0.032958984375,
    0.049560546875,
    -0.0908203125,
    0.032958984375,
    0.06494140625,
    0.35546875,
    0.0,
    0.11572265625,
    0.01446533203125,
    0.004119873046875,
    -0.049560546875,
    0.04638671875,
    -0.103515625,
    0.056884765625,
    0.0289306640625,
    0.00823974609375,
    0.05859375,
    0.0712890625,
    -0.17578125,
    0.0908203125,
    0.0206298828125,
    0.0869140625,
    -0.146484375,
    0.0196533203125,
    0.09326171875,
    0.0205078125,
    0.049560546875,
    -0.041259765625,
    0.00102996826171875,
    -0.07958984375,
    -0.076171875,
    -0.0859375,
    -0.040771484375,
    -0.068359375,
    -0.0257568359375,
    -0.03466796875,
    0.056884765625,
    -0.083984375,
    -0.049560546875,
    -0.06298828125,
    0.12890625,
    0.0185546875,
    -0.032958984375,
    -0.0908203125,
    0.0108642578125,
    0.041259765625,
    -0.041259765625,
    -0.004119873046875,
    -0.068359375,
    0.031005859375,
    0.09716796875,
    -0.041748046875,
    0.01446533203125,
    0.0289306640625,
    -0.057861328125,
    -0.07421875,
    0.041259765625,
    0.173828125
  ],
  "metadata": {
    "location_type": "q_head",
    "layer_idx": 20,
    "head_idx": 0,
    "vector_shape": [
      64
    ],
    "vector_norm": 3.78125,
    "n_problems": 633
  }
}