{
  "vector": [
    0.103515625,
    0.0172119140625,
    -0.034423828125,
    -0.400390625,
    -0.06884765625,
    -0.2412109375,
    0.1162109375,
    -0.345703125,
    -0.361328125,
    -0.0216064453125,
    0.224609375,
    0.103515625,
    0.0517578125,
    -0.396484375,
    0.0869140625,
    0.01483154296875,
    -0.1123046875,
    -0.0517578125,
    0.04736328125,
    -0.0021514892578125,
    0.06884765625,
    -0.02587890625,
    -0.138671875,
    -0.0216064453125,
    0.034423828125,
    -0.034423828125,
    0.043212890625,
    -0.04736328125,
    -0.028076171875,
    0.05615234375,
    -0.0908203125,
    0.049560546875,
    0.0172119140625,
    -0.03662109375,
    -0.064453125,
    0.023681640625,
    0.103515625,
    -0.1455078125,
    -0.1591796875,
    0.002960205078125,
    -0.00860595703125,
    -0.09716796875,
    -0.012939453125,
    0.07861328125,
    -0.06396484375,
    -0.0216064453125,
    -0.01507568359375,
    -0.00860595703125,
    -0.034423828125,
    -0.01507568359375,
    -0.01129150390625,
    0.004302978515625,
    0.08837890625,
    0.1572265625,
    0.1337890625,
    0.042724609375,
    -0.0225830078125,
    -0.08642578125,
    -0.103515625,
    -0.0118408203125,
    -0.034423828125,
    0.0,
    -0.189453125,
    -0.103515625
  ],
  "metadata": {
    "location_type": "q_head",
    "layer_idx": 20,
    "head_idx": 1,
    "vector_shape": [
      64
    ],
    "vector_norm": 3.625,
    "n_problems": 633
  }
}