{
  "vector": [
    -0.0311279296875,
    0.56640625,
    -0.2578125,
    0.48046875,
    -0.2314453125,
    0.00860595703125,
    -0.0859375,
    0.00860595703125,
    -0.0859375,
    0.0032196044921875,
    0.018798828125,
    -0.10302734375,
    -0.0517578125,
    0.0032196044921875,
    -0.0673828125,
    0.0419921875,
    0.00860595703125,
    0.0034942626953125,
    -0.0235595703125,
    0.049072265625,
    -0.10205078125,
    0.00860595703125,
    0.0150146484375,
    0.03857421875,
    -0.0172119140625,
    0.055908203125,
    0.061767578125,
    0.068359375,
    -0.064453125,
    -0.0257568359375,
    -0.11474609375,
    -0.06591796875,
    0.06396484375,
    -0.076171875,
    -0.054931640625,
    0.11181640625,
    -0.0257568359375,
    0.064453125,
    -0.0537109375,
    0.076171875,
    -0.10302734375,
    -0.03857421875,
    -0.10302734375,
    -0.062255859375,
    0.06884765625,
    -0.0257568359375,
    -0.15234375,
    0.1591796875,
    0.06298828125,
    -0.1591796875,
    0.01397705078125,
    0.051513671875,
    0.07275390625,
    -0.12255859375,
    0.00860595703125,
    -0.0849609375,
    0.0634765625,
    -0.0771484375,
    0.17578125,
    -0.0068359375,
    0.040771484375,
    0.11572265625,
    0.0172119140625,
    0.107421875
  ],
  "metadata": {
    "location_type": "q_head",
    "layer_idx": 21,
    "head_idx": 2,
    "vector_shape": [
      64
    ],
    "vector_norm": 7.28125,
    "n_problems": 633
  }
}