{
  "vector": [
    -0.0302734375,
    0.10107421875,
    0.10107421875,
    -0.59765625,
    -0.251953125,
    -0.455078125,
    -0.050537109375,
    0.0201416015625,
    0.111328125,
    -0.07080078125,
    -0.07568359375,
    0.298828125,
    -0.01007080078125,
    0.041748046875,
    0.0302734375,
    -0.050537109375,
    0.040283203125,
    -0.053466796875,
    0.171875,
    -0.0908203125,
    0.130859375,
    -0.07568359375,
    -0.10986328125,
    -0.037841796875,
    0.01007080078125,
    -0.111328125,
    0.07568359375,
    -0.04296875,
    -0.0189208984375,
    0.0693359375,
    0.005035400390625,
    -0.05810546875,
    -0.040283203125,
    0.00885009765625,
    -0.1728515625,
    -0.0201416015625,
    0.0186767578125,
    -0.06298828125,
    0.0069580078125,
    -0.029052734375,
    -0.0252685546875,
    -0.046630859375,
    -0.05859375,
    0.035400390625,
    0.0654296875,
    0.0025177001953125,
    0.07958984375,
    -0.03662109375,
    0.01513671875,
    -0.01007080078125,
    0.052001953125,
    0.04541015625,
    0.134765625,
    -0.037353515625,
    0.005035400390625,
    0.08447265625,
    -0.0177001953125,
    0.022705078125,
    0.0859375,
    -0.09716796875,
    -0.0201416015625,
    -0.037841796875,
    -0.0986328125,
    -0.0556640625
  ],
  "metadata": {
    "location_type": "q_head",
    "layer_idx": 20,
    "head_idx": 2,
    "vector_shape": [
      64
    ],
    "vector_norm": 3.09375,
    "n_problems": 633
  }
}