{
  "vector": [
    0.005615234375,
    -0.1103515625,
    0.08984375,
    0.275390625,
    -0.4765625,
    -0.0120849609375,
    -0.26953125,
    0.0189208984375,
    -0.014892578125,
    0.1513671875,
    0.60546875,
    -0.0064697265625,
    0.03466796875,
    -0.0017242431640625,
    -0.1962890625,
    0.05078125,
    -0.041259765625,
    -0.019775390625,
    0.033447265625,
    0.033203125,
    0.012939453125,
    0.0155029296875,
    0.0,
    0.08056640625,
    0.0172119140625,
    0.0120849609375,
    0.0791015625,
    0.00860595703125,
    -0.04833984375,
    -0.072265625,
    0.041259765625,
    0.06884765625,
    -0.004302978515625,
    0.05517578125,
    -0.02587890625,
    0.0,
    -0.0157470703125,
    -0.029296875,
    -0.09326171875,
    -0.09814453125,
    -0.1416015625,
    -0.056884765625,
    0.035400390625,
    0.046630859375,
    -0.05517578125,
    -0.0361328125,
    -0.01031494140625,
    -0.16015625,
    0.003448486328125,
    0.1416015625,
    0.072265625,
    -0.146484375,
    0.03662109375,
    0.0284423828125,
    -0.044921875,
    -0.060302734375,
    -0.0120849609375,
    0.0,
    0.044921875,
    0.0439453125,
    0.02587890625,
    -0.0137939453125,
    -0.027587890625,
    0.0517578125
  ],
  "metadata": {
    "location_type": "q_head",
    "layer_idx": 21,
    "head_idx": 3,
    "vector_shape": [
      64
    ],
    "vector_norm": 9.0625,
    "n_problems": 633
  }
}